{
  "decoding_strategy_metrics": {
    "greedy": {
      "BLEU-1": 0.6235126617664679,
      "BLEU-2": 0.5127783239409223,
      "BLEU-3": 0.41171311630666,
      "BLEU-4": 0.3220989263607979,
      "METEOR": 0.42891555518918756,
      "ROUGE-L": 0.5537112495796034,
      "CIDEr": 0.8726684365539661
    },
    "beam": {
      "BLEU-1": 0.657303320244592,
      "BLEU-2": 0.5416065160815983,
      "BLEU-3": 0.4417714160979016,
      "BLEU-4": 0.34843628202801225,
      "METEOR": 0.4349575846117711,
      "ROUGE-L": 0.5658356680934417,
      "CIDEr": 0.9153191058729051
    },
    "sampling": {
      "BLEU-1": 0.5259169944933132,
      "BLEU-2": 0.37701822317276273,
      "BLEU-3": 0.27357362760118564,
      "BLEU-4": 0.18835096956595654,
      "METEOR": 0.3044191538627666,
      "ROUGE-L": 0.3988659398333379,
      "CIDEr": 0.5694079123992494
    },
    "top_p": {
      "BLEU-1": 0.5274141737122716,
      "BLEU-2": 0.3901003648327007,
      "BLEU-3": 0.30224300906669416,
      "BLEU-4": 0.22659347331455837,
      "METEOR": 0.3078354961410983,
      "ROUGE-L": 0.44487937688610735,
      "CIDEr": 0.6034008184920949
    }
  },
  "temperature_sensitivity": {
    "0.3": {
      "BLEU-1": 0.6233959995980187,
      "BLEU-2": 0.4911005652217076,
      "BLEU-3": 0.3827589395619619,
      "BLEU-4": 0.2807922800203522,
      "METEOR": 0.3991929937751002,
      "ROUGE-L": 0.5319253879800521,
      "CIDEr": 0.8381850866309999
    },
    "0.5": {
      "BLEU-1": 0.6174568398344701,
      "BLEU-2": 0.4697580694541063,
      "BLEU-3": 0.34361693300154356,
      "BLEU-4": 0.24494130153662289,
      "METEOR": 0.3981185251192417,
      "ROUGE-L": 0.525295416343875,
      "CIDEr": 0.7791264054214047
    },
    "0.7": {
      "BLEU-1": 0.5108710789551836,
      "BLEU-2": 0.38176246506807615,
      "BLEU-3": 0.2851563079974989,
      "BLEU-4": 0.19684739982881766,
      "METEOR": 0.3251753395837316,
      "ROUGE-L": 0.45464796726732387,
      "CIDEr": 0.6373996285313771
    },
    "1.0": {
      "BLEU-1": 0.4296067922857303,
      "BLEU-2": 0.30787037330730493,
      "BLEU-3": 0.215343027794802,
      "BLEU-4": 0.1500248918701,
      "METEOR": 0.27750377833849366,
      "ROUGE-L": 0.36789677436426665,
      "CIDEr": 0.4570565329489542
    },
    "1.3": {
      "BLEU-1": 0.13011152416356875,
      "BLEU-2": 0.04618415102565102,
      "BLEU-3": 0.00825807647151247,
      "BLEU-4": 0.0033406714486800956,
      "METEOR": 0.07993262500269416,
      "ROUGE-L": 0.12475289043976989,
      "CIDEr": 0.06554932622286444
    },
    "1.5": {
      "BLEU-1": 0.04713804713804714,
      "BLEU-2": 0.007486654566424481,
      "BLEU-3": 0.0020447099263084974,
      "BLEU-4": 0.00098888371456822,
      "METEOR": 0.045228454395020136,
      "ROUGE-L": 0.054450500330315996,
      "CIDEr": 0.007644938042228957
    }
  },
  "beam_width_sensitivity": {
    "1": {
      "BLEU-1": 0.6235126617664679,
      "BLEU-2": 0.5127783239409223,
      "BLEU-3": 0.41171311630666,
      "BLEU-4": 0.3220989263607979,
      "METEOR": 0.42891555518918756,
      "ROUGE-L": 0.5537112495796034,
      "CIDEr": 0.8726684365539661
    },
    "2": {
      "BLEU-1": 0.6573643804372115,
      "BLEU-2": 0.5318578042318142,
      "BLEU-3": 0.4270126480281322,
      "BLEU-4": 0.3301160394164864,
      "METEOR": 0.4421610317762687,
      "ROUGE-L": 0.555740643910613,
      "CIDEr": 0.9179852624911988
    },
    "3": {
      "BLEU-1": 0.6471699236901932,
      "BLEU-2": 0.5252061938743336,
      "BLEU-3": 0.42412800741290285,
      "BLEU-4": 0.3380634635946424,
      "METEOR": 0.4286183579372194,
      "ROUGE-L": 0.5436167054136094,
      "CIDEr": 0.8934811407171382
    },
    "5": {
      "BLEU-1": 0.657303320244592,
      "BLEU-2": 0.5416065160815983,
      "BLEU-3": 0.4417714160979016,
      "BLEU-4": 0.34843628202801225,
      "METEOR": 0.4349575846117711,
      "ROUGE-L": 0.5658356680934417,
      "CIDEr": 0.9153191058729051
    },
    "8": {
      "BLEU-1": 0.6234274188849863,
      "BLEU-2": 0.5048417332312076,
      "BLEU-3": 0.4073853379129235,
      "BLEU-4": 0.30923416235189427,
      "METEOR": 0.4067098899744371,
      "ROUGE-L": 0.5459932639487761,
      "CIDEr": 0.8556265106009837
    },
    "10": {
      "BLEU-1": 0.6319269359240978,
      "BLEU-2": 0.5064096669815863,
      "BLEU-3": 0.40255384777792746,
      "BLEU-4": 0.3052909501289768,
      "METEOR": 0.41410840952408207,
      "ROUGE-L": 0.5389072892080027,
      "CIDEr": 0.8402575144056625
    }
  },
  "finetuning_comparison": {
    "Baseline (no FT)": {
      "BLEU-1": 0.657303320244592,
      "BLEU-2": 0.5416065160815983,
      "BLEU-3": 0.4417714160979016,
      "BLEU-4": 0.34843628202801225,
      "METEOR": 0.4349575846117711,
      "ROUGE-L": 0.5658356680934417,
      "CIDEr": 0.9153191058729051
    },
    "Full Fine-Tune": {
      "BLEU-1": 0.7318548387096774,
      "BLEU-2": 0.5568983703326964,
      "BLEU-3": 0.41978092161461367,
      "BLEU-4": 0.3058119357253021,
      "METEOR": 0.48675013105570286,
      "ROUGE-L": 0.5628400778354473,
      "CIDEr": 1.013193339429652
    },
    "LoRA": {
      "BLEU-1": 0.7176684881602914,
      "BLEU-2": 0.5612207545028758,
      "BLEU-3": 0.44067403494907,
      "BLEU-4": 0.34016825825017183,
      "METEOR": 0.5188979588551939,
      "ROUGE-L": 0.5770197923066748,
      "CIDEr": 1.0068127624868122
    },
    "IA3": {
      "BLEU-1": 0.7504950495049505,
      "BLEU-2": 0.595507790786111,
      "BLEU-3": 0.4674596813237392,
      "BLEU-4": 0.35889060986470844,
      "METEOR": 0.5128748498328478,
      "ROUGE-L": 0.5907125724778504,
      "CIDEr": 1.0484434684724286
    }
  },
  "sample_captions": {
    "greedy": [
      "a pot of food",
      "a little girl in a yard holding a frth",
      "a group of people standing around a truck",
      "a person riding a yellow motorcycle on a road",
      "a laptop computer on a desk"
    ],
    "beam": [
      "a wooden spoon in the pot",
      "a little girl standing in a yard playing with a frc",
      "a group of people standing around a truck",
      "a person riding a yellow motorcycle on a road",
      "a laptop on a desk"
    ],
    "sampling": [
      "a pan full of vegetables",
      "a girl with sunglasses on playing frth",
      "a truck full of supplies",
      "a person on a yellow motorcycle",
      "white paper on desk"
    ],
    "top_p": [
      "a pot with a wooden spoon",
      "the little girl is holding a fr hme fr fr fr fr fr fr fr fr fr fr fr fr fr fr fr fr fr fr fr fr fr fr fr fr fr fr fr fr fr fr",
      "a group of people standing around a truck",
      "the person on the motorcycle is wearing a helmet",
      "a computer sitting on a desk"
    ]
  }
}