Temperature,BLEU-1,BLEU-2,BLEU-3,BLEU-4,METEOR,ROUGE-L,CIDEr
0.3,0.6233959995980187,0.4911005652217076,0.3827589395619619,0.2807922800203522,0.3991929937751002,0.5319253879800521,0.8381850866309999
0.5,0.6174568398344701,0.4697580694541063,0.34361693300154356,0.24494130153662289,0.3981185251192417,0.525295416343875,0.7791264054214047
0.7,0.5108710789551836,0.38176246506807615,0.2851563079974989,0.19684739982881766,0.3251753395837316,0.45464796726732387,0.6373996285313771
1.0,0.4296067922857303,0.30787037330730493,0.215343027794802,0.1500248918701,0.27750377833849366,0.36789677436426665,0.4570565329489542
1.3,0.13011152416356875,0.04618415102565102,0.00825807647151247,0.0033406714486800956,0.07993262500269416,0.12475289043976989,0.06554932622286444
1.5,0.04713804713804714,0.007486654566424481,0.0020447099263084974,0.00098888371456822,0.045228454395020136,0.054450500330315996,0.007644938042228957
