Strategy,BLEU-1,BLEU-2,BLEU-3,BLEU-4,ROUGE-L,CIDEr,METEOR
Baseline (no FT),0.3171919065712692,0.13925144406758774,0.06772475314896172,0.03129625707292026,0.2271691030366838,0.042166771644801815,0.17690456357533776
"LoRA (10 epochs, cosine LR)",0.309122426045681,0.13038870794516186,0.06139533887117081,0.02924336281133413,0.22942124627387503,0.036032242832496626,0.17071984168826912
