{
  "model_config": {
    "base_model": "Salesforce/blip2-opt-2.7b",
    "fine_tuning": "LoRA",
    "lora_r": 16,
    "lora_alpha": 32,
    "epochs": 10,
    "batch_size": 8,
    "learning_rate": 5e-05,
    "scheduler": "CosineAnnealingLR",
    "train_size": 1368
  },
  "training_losses": [
    3.0188230994152048,
    2.7684576023391814,
    2.727704678362573,
    2.674981725146199,
    2.605811403508772,
    2.5939784356725144,
    2.5603983918128654,
    2.5568804824561404,
    2.52828033625731,
    2.5092288011695905
  ],
  "decoding_strategy_metrics": {
    "greedy": {
      "BLEU-1": 0.31764636643450794,
      "BLEU-2": 0.1292605863156627,
      "BLEU-3": 0.057853857914538384,
      "BLEU-4": 0.028560120084833773,
      "ROUGE-L": 0.23915563686635763,
      "CIDEr": 0.03359379375485513,
      "METEOR": 0.16827078971430015
    },
    "beam": {
      "BLEU-1": 0.309122426045681,
      "BLEU-2": 0.13038870794516186,
      "BLEU-3": 0.06139533887117081,
      "BLEU-4": 0.02924336281133413,
      "ROUGE-L": 0.22942124627387503,
      "CIDEr": 0.036032242832496626,
      "METEOR": 0.17071984168826912
    },
    "sampling": {
      "BLEU-1": 0.2849111011193844,
      "BLEU-2": 0.08750397647341318,
      "BLEU-3": 2.782813730913505e-07,
      "BLEU-4": 5.171425057326588e-10,
      "ROUGE-L": 0.1988545519235386,
      "CIDEr": 0.019446686884976756,
      "METEOR": 0.13416222358156452
    },
    "top_p": {
      "BLEU-1": 0.31769298363705295,
      "BLEU-2": 0.12494861004356565,
      "BLEU-3": 0.044497237799790416,
      "BLEU-4": 4.133456451695521e-06,
      "ROUGE-L": 0.23374297733380073,
      "CIDEr": 0.030237488170136516,
      "METEOR": 0.17231777506944848
    }
  },
  "temperature_sensitivity": {
    "0.3": {
      "BLEU-1": 0.29795268418210274,
      "BLEU-2": 0.11261328679239631,
      "BLEU-3": 0.04792074325516541,
      "BLEU-4": 0.02477604203662849,
      "ROUGE-L": 0.2322827301293663,
      "CIDEr": 0.02834351882367964,
      "METEOR": 0.16121713300796953
    },
    "0.5": {
      "BLEU-1": 0.32263709485715175,
      "BLEU-2": 0.1507708072752142,
      "BLEU-3": 0.07629585376624429,
      "BLEU-4": 0.04131132035510023,
      "ROUGE-L": 0.227600651435146,
      "CIDEr": 0.0424272831663567,
      "METEOR": 0.16205383452031386
    },
    "0.7": {
      "BLEU-1": 0.32953498385276103,
      "BLEU-2": 0.1490378041002657,
      "BLEU-3": 0.06252581830464157,
      "BLEU-4": 0.02976203029373526,
      "ROUGE-L": 0.23772518648192353,
      "CIDEr": 0.035628245525742216,
      "METEOR": 0.17389297007147636
    },
    "1.0": {
      "BLEU-1": 0.2732117355075766,
      "BLEU-2": 0.09924268440314533,
      "BLEU-3": 0.043310702672616504,
      "BLEU-4": 0.022602503017114292,
      "ROUGE-L": 0.1956482766926645,
      "CIDEr": 0.026164645950971285,
      "METEOR": 0.13372956674450198
    },
    "1.3": {
      "BLEU-1": 0.21851812342513333,
      "BLEU-2": 0.0868918084133144,
      "BLEU-3": 0.027009681245773305,
      "BLEU-4": 2.7751236054085264e-06,
      "ROUGE-L": 0.1725894579997003,
      "CIDEr": 0.022451884204320732,
      "METEOR": 0.11693869681501273
    },
    "1.5": {
      "BLEU-1": 0.11843711843697383,
      "BLEU-2": 0.03924467585614097,
      "BLEU-3": 0.012890730653865227,
      "BLEU-4": 1.3376781127158861e-06,
      "ROUGE-L": 0.13588114404165663,
      "CIDEr": 0.021994509587483266,
      "METEOR": 0.10475481097654087
    }
  },
  "beam_width_sensitivity": {
    "1": {
      "BLEU-1": 0.31764636643450794,
      "BLEU-2": 0.1292605863156627,
      "BLEU-3": 0.057853857914538384,
      "BLEU-4": 0.028560120084833773,
      "ROUGE-L": 0.23915563686635763,
      "CIDEr": 0.03359379375485513,
      "METEOR": 0.16827078971430015
    },
    "2": {
      "BLEU-1": 0.3026724447740833,
      "BLEU-2": 0.12565687394639477,
      "BLEU-3": 0.05655471326560476,
      "BLEU-4": 0.027964823311293924,
      "ROUGE-L": 0.23310681322509844,
      "CIDEr": 0.029660858859055454,
      "METEOR": 0.16937406791671214
    },
    "3": {
      "BLEU-1": 0.30461040263015776,
      "BLEU-2": 0.12959174940742443,
      "BLEU-3": 0.05168547625123394,
      "BLEU-4": 0.025779373174139465,
      "ROUGE-L": 0.22771135682978946,
      "CIDEr": 0.03060068000077214,
      "METEOR": 0.173725265792814
    },
    "5": {
      "BLEU-1": 0.309122426045681,
      "BLEU-2": 0.13038870794516186,
      "BLEU-3": 0.06139533887117081,
      "BLEU-4": 0.02924336281133413,
      "ROUGE-L": 0.22942124627387503,
      "CIDEr": 0.036032242832496626,
      "METEOR": 0.17071984168826912
    },
    "8": {
      "BLEU-1": 0.32401800893772914,
      "BLEU-2": 0.13920731216038326,
      "BLEU-3": 0.06817728694519437,
      "BLEU-4": 0.03763849303329692,
      "ROUGE-L": 0.23936027861658313,
      "CIDEr": 0.033312886030467,
      "METEOR": 0.18139177455602298
    },
    "10": {
      "BLEU-1": 0.3140556099331594,
      "BLEU-2": 0.13441275926660992,
      "BLEU-3": 0.06663855917073042,
      "BLEU-4": 0.03701033680853488,
      "ROUGE-L": 0.23281608464997178,
      "CIDEr": 0.033231516119548166,
      "METEOR": 0.1780842932257646
    }
  },
  "finetuning_comparison": {
    "Baseline (no FT)": {
      "BLEU-1": 0.3171919065712692,
      "BLEU-2": 0.13925144406758774,
      "BLEU-3": 0.06772475314896172,
      "BLEU-4": 0.03129625707292026,
      "ROUGE-L": 0.2271691030366838,
      "CIDEr": 0.042166771644801815,
      "METEOR": 0.17690456357533776
    },
    "LoRA (10 epochs, cosine LR)": {
      "BLEU-1": 0.309122426045681,
      "BLEU-2": 0.13038870794516186,
      "BLEU-3": 0.06139533887117081,
      "BLEU-4": 0.02924336281133413,
      "ROUGE-L": 0.22942124627387503,
      "CIDEr": 0.036032242832496626,
      "METEOR": 0.17071984168826912
    }
  },
  "sample_captions": {
    "greedy": [
      "a black and white cow walking down a street",
      "a man riding a skateboard on a ramp",
      "a baseball player swinging his bat at a ball",
      "a person holding a suitcase with a key",
      "a computer sitting on a desk next to a lamp"
    ],
    "beam": [
      "a black and white cow on a road",
      "a man riding a skateboard down a ramp",
      "a baseball player swinging his bat at a ball",
      "a person holding on to a luggage bag",
      "a computer sitting on top of a desk next to a lamp"
    ],
    "sampling": [
      "a white and black cow standing in the dark",
      "a person on a skateboard ramp",
      "a baseball player swinging at a ball",
      "someone holding onto a suitcase with their hand over it",
      "a small computer sitting on a desk"
    ],
    "top_p": [
      "a black and white cow standing on a road",
      "a man riding a skateboard down a ramp",
      "a batter swinging at a ball with a catcher behind him",
      "a person holding a piece of luggage near a desk",
      "a computer desk with a laptop and keyboard"
    ]
  }
}