Temperature,BLEU-1,BLEU-2,BLEU-3,BLEU-4,ROUGE-L,CIDEr,METEOR
0.3,0.29795268418210274,0.11261328679239631,0.04792074325516541,0.02477604203662849,0.2322827301293663,0.02834351882367964,0.16121713300796953
0.5,0.32263709485715175,0.1507708072752142,0.07629585376624429,0.04131132035510023,0.227600651435146,0.0424272831663567,0.16205383452031386
0.7,0.32953498385276103,0.1490378041002657,0.06252581830464157,0.02976203029373526,0.23772518648192353,0.035628245525742216,0.17389297007147636
1.0,0.2732117355075766,0.09924268440314533,0.043310702672616504,0.022602503017114292,0.1956482766926645,0.026164645950971285,0.13372956674450198
1.3,0.21851812342513333,0.0868918084133144,0.027009681245773305,2.7751236054085264e-06,0.1725894579997003,0.022451884204320732,0.11693869681501273
1.5,0.11843711843697383,0.03924467585614097,0.012890730653865227,1.3376781127158861e-06,0.13588114404165663,0.021994509587483266,0.10475481097654087
