{
  "decoding_strategy_metrics": {
    "greedy": {
      "BLEU-1": 0.3697990222380554,
      "BLEU-2": 0.1588738086540752,
      "BLEU-3": 0.06125822720572535,
      "BLEU-4": 0.028837175414863372,
      "METEOR": 0.19802622575229079,
      "ROUGE-L": 0.2879553137265212,
      "CIDEr": 0.053962574807273504
    },
    "beam": {
      "BLEU-1": 0.3416149068322981,
      "BLEU-2": 0.14044117776831064,
      "BLEU-3": 0.04833154169977168,
      "BLEU-4": 0.013261540577996802,
      "METEOR": 0.16885854728323785,
      "ROUGE-L": 0.2527711482028887,
      "CIDEr": 0.05138086965268283
    },
    "sampling": {
      "BLEU-1": 0.32895058204627314,
      "BLEU-2": 0.14721143850061905,
      "BLEU-3": 0.049625439184165246,
      "BLEU-4": 0.013486599010480334,
      "METEOR": 0.17832192585976575,
      "ROUGE-L": 0.26052537107080115,
      "CIDEr": 0.04394246344425157
    },
    "top_p": {
      "BLEU-1": 0.3165322580645161,
      "BLEU-2": 0.14096801171514162,
      "BLEU-3": 0.06023653263015313,
      "BLEU-4": 0.027578403392888255,
      "METEOR": 0.17492733763102694,
      "ROUGE-L": 0.2514047845769503,
      "CIDEr": 0.04558581523287434
    }
  },
  "temperature_sensitivity": {
    "0.3": {
      "BLEU-1": 0.36423996177860835,
      "BLEU-2": 0.1584619604786631,
      "BLEU-3": 0.042136211886979955,
      "BLEU-4": 0.012098078216075604,
      "METEOR": 0.1924079442390326,
      "ROUGE-L": 0.2838635042811244,
      "CIDEr": 0.04040335420899426
    },
    "0.5": {
      "BLEU-1": 0.3335068925405451,
      "BLEU-2": 0.13830994089880985,
      "BLEU-3": 0.05466754232639015,
      "BLEU-4": 0.02595797518438845,
      "METEOR": 0.16611117469983377,
      "ROUGE-L": 0.24702143814666364,
      "CIDEr": 0.04841681055099496
    },
    "0.7": {
      "BLEU-1": 0.2942389799864606,
      "BLEU-2": 0.12905520453951266,
      "BLEU-3": 0.05285615962807925,
      "BLEU-4": 0.025615666202106063,
      "METEOR": 0.1422877208918121,
      "ROUGE-L": 0.2334687941169971,
      "CIDEr": 0.034937881542912025
    },
    "1.0": {
      "BLEU-1": 0.2539964476021314,
      "BLEU-2": 0.10196820778516048,
      "BLEU-3": 0.03675233448198001,
      "BLEU-4": 0.010199587782187994,
      "METEOR": 0.15024408345702603,
      "ROUGE-L": 0.21377523360689504,
      "CIDEr": 0.04833719437408655
    },
    "1.3": {
      "BLEU-1": 0.07210031347962384,
      "BLEU-2": 0.0154427826967429,
      "BLEU-3": 0.003211257995299855,
      "BLEU-4": 0.0013626966585531316,
      "METEOR": 0.06169236793747202,
      "ROUGE-L": 0.07328432155267066,
      "CIDEr": 0.007048181209117564
    },
    "1.5": {
      "BLEU-1": 0.04014939309056956,
      "BLEU-2": 0.0019830178401160116,
      "BLEU-3": 0.0007951576182787303,
      "BLEU-4": 0.0004577999837520287,
      "METEOR": 0.0502241216782374,
      "ROUGE-L": 0.05134599615143875,
      "CIDEr": 0.0038139945087739247
    }
  },
  "beam_width_sensitivity": {
    "1": {
      "BLEU-1": 0.3697990222380554,
      "BLEU-2": 0.1588738086540752,
      "BLEU-3": 0.06125822720572535,
      "BLEU-4": 0.028837175414863372,
      "METEOR": 0.19802622575229079,
      "ROUGE-L": 0.2879553137265212,
      "CIDEr": 0.053962574807273504
    },
    "2": {
      "BLEU-1": 0.34251611075995375,
      "BLEU-2": 0.14956058612499018,
      "BLEU-3": 0.05875456929057176,
      "BLEU-4": 0.027940978767811434,
      "METEOR": 0.18118504918171532,
      "ROUGE-L": 0.2636658628345127,
      "CIDEr": 0.05534830947549692
    },
    "3": {
      "BLEU-1": 0.3443983402489626,
      "BLEU-2": 0.1439711008687307,
      "BLEU-3": 0.05621223058836113,
      "BLEU-4": 0.02646169227966351,
      "METEOR": 0.17188321127074552,
      "ROUGE-L": 0.25642139225446536,
      "CIDEr": 0.05385466141339355
    },
    "5": {
      "BLEU-1": 0.3416149068322981,
      "BLEU-2": 0.14044117776831064,
      "BLEU-3": 0.04833154169977168,
      "BLEU-4": 0.013261540577996802,
      "METEOR": 0.16885854728323785,
      "ROUGE-L": 0.2527711482028887,
      "CIDEr": 0.05138086965268283
    },
    "8": {
      "BLEU-1": 0.33737373737373744,
      "BLEU-2": 0.1320503475619314,
      "BLEU-3": 0.045935765605840076,
      "BLEU-4": 0.012648039858793748,
      "METEOR": 0.16835681162614347,
      "ROUGE-L": 0.2523015910439595,
      "CIDEr": 0.05101852101747781
    },
    "10": {
      "BLEU-1": 0.33874239350912777,
      "BLEU-2": 0.13546856602078217,
      "BLEU-3": 0.046795467372273046,
      "BLEU-4": 0.012845620816705932,
      "METEOR": 0.17358633438224888,
      "ROUGE-L": 0.2597279331916639,
      "CIDEr": 0.041313934923248065
    }
  },
  "finetuning_comparison": {
    "Baseline (no FT)": {
      "BLEU-1": 0.3416149068322981,
      "BLEU-2": 0.14044117776831064,
      "BLEU-3": 0.04833154169977168,
      "BLEU-4": 0.013261540577996802,
      "METEOR": 0.16885854728323785,
      "ROUGE-L": 0.2527711482028887,
      "CIDEr": 0.05138086965268283
    },
    "Full Fine-Tune": {
      "BLEU-1": 0.3742911153119093,
      "BLEU-2": 0.17003481938969592,
      "BLEU-3": 0.0714667751498299,
      "BLEU-4": 0.036516976050763594,
      "METEOR": 0.2139724392489759,
      "ROUGE-L": 0.3007394741502038,
      "CIDEr": 0.07685439396047931
    },
    "LoRA": {
      "BLEU-1": 0.33805309734513267,
      "BLEU-2": 0.1680053350160805,
      "BLEU-3": 0.09463571331841451,
      "BLEU-4": 0.05811790152696784,
      "METEOR": 0.2206061911167323,
      "ROUGE-L": 0.29773151723102265,
      "CIDEr": 0.08208902255236489
    },
    "IA3": {
      "BLEU-1": 0.39357429718875503,
      "BLEU-2": 0.1897869234305169,
      "BLEU-3": 0.09563004560033343,
      "BLEU-4": 0.05147644005532169,
      "METEOR": 0.22375802540657094,
      "ROUGE-L": 0.30452894109226053,
      "CIDEr": 0.0965241898194873
    }
  },
  "sample_captions": {
    "greedy": [
      "a man standing next to a wall with a cell",
      "a teddy bear sitting on top of a metal pole",
      "a man painting on the sidewalk in front of a train",
      "a horse wearing a blanket standing next to a wall",
      "a plane flying in the sky"
    ],
    "beam": [
      "a man standing in front of a wall talking on a cell",
      "a teddy bear sitting on top of a metal pole",
      "a man painting on the sidewalk in front of a train",
      "a horse wearing a blanket standing next to a wall",
      "a plane flying in the sky"
    ],
    "sampling": [
      "a woman standing in front of a white wall",
      "a teddy bear in a restaurant window",
      "a man is painting on the sidewalk with an ease",
      "a horse is wearing a blanket on its back and it is leaning against a wall",
      "a large airplane flying"
    ],
    "top_p": [
      "a man on the phone is standing in front of a wall",
      "a teddy bear with a red bow sits on a pole",
      "a man standing on the sidewalk painting",
      "a horse in a blue jacket standing next to a brick wall",
      "a plane flying over the mountains"
    ]
  }
}