Temperature,BLEU-1,BLEU-2,BLEU-3,BLEU-4,METEOR,ROUGE-L,CIDEr
0.3,0.36423996177860835,0.1584619604786631,0.042136211886979955,0.012098078216075604,0.1924079442390326,0.2838635042811244,0.04040335420899426
0.5,0.3335068925405451,0.13830994089880985,0.05466754232639015,0.02595797518438845,0.16611117469983377,0.24702143814666364,0.04841681055099496
0.7,0.2942389799864606,0.12905520453951266,0.05285615962807925,0.025615666202106063,0.1422877208918121,0.2334687941169971,0.034937881542912025
1.0,0.2539964476021314,0.10196820778516048,0.03675233448198001,0.010199587782187994,0.15024408345702603,0.21377523360689504,0.04833719437408655
1.3,0.07210031347962384,0.0154427826967429,0.003211257995299855,0.0013626966585531316,0.06169236793747202,0.07328432155267066,0.007048181209117564
1.5,0.04014939309056956,0.0019830178401160116,0.0007951576182787303,0.0004577999837520287,0.0502241216782374,0.05134599615143875,0.0038139945087739247
